clics_db_id,group_number,premium_payment_type,group_policy_type,category,group_type,effective_date
1,60691,Semi-Annually,Group,MultiNational,Standard,2019-03-01
2,test101,Annually,Group,MultiNational,SME,2019-01-01
3,36853,Annually,Group,MultiNational,SME,1994-11-01
4,38333,Annually,Group,MultiNational,Standard,2020-01-01
5,42822,Annually,Group,MultiNational,SME,2020-01-01
6,60025,Annually,Group,MultiNational,SME,2019-04-01
7,46962,Annually,Group,MultiNational,SME,2009-08-04
8,60522,Annually,Group,MultiNational,SME,2019-12-17
9,50896,Annually,Group,MultiNational,SME,2013-12-22
10,60790,Semi-Annually,Group,MultiNational,SME,2019-11-24
11,50375,Annually,Group,MultiNational,SME,2013-01-01
12,50398,Annually,Group,MultiNational,SME,2020-01-01
13,47939,Annually,Group,MultiNational,SME,2012-12-01
14,46824,Annually,Group,MultiNational,SME,2019-10-01
15,60765,Annually,Group,MultiNational,SME,2019-10-01
16,60552,Annually,Group,MultiNational,SME,2018-02-01
17,60011,Annually,Group,MultiNational,SME,2020-01-21
18,60382,Annually,Group,MultiNational,SME,2020-01-01
19,60616,Annually,Group,MultiNational,SME,2018-08-13
20,38358,Annually,Group,MultiNational,SME,2020-01-01
21,60591,Annually,Group,MultiNational,SME,2018-07-01
22,60565,Annually,Group,Local,Standard,2018-03-21
23,46807,Annually,Group,MultiNational,Standard,2019-09-01
24,50871,Annually,Group,MultiNational,SME,2019-10-22
25,60803,Annually,Group,MultiNational,SME,2020-01-01
26,60460,Annually,Group,MultiNational,SME,2017-06-17
27,60806,Annually,Group,MultiNational,SME,2020-01-01
28,60266,Annually,Group,MultiNational,SME,2016-01-14
29,60804,Annually,Group,MultiNational,SME,2020-01-01
30,60461,Annually,Group,MultiNational,SME,2019-06-01
31,41417,Annually,Group,MultiNational,SME,2020-01-01
32,40043,Annually,Group,MultiNational,SME,2020-01-01
33,60674,Annually,Group,MultiNational,SME,2019-01-15
34,60512,Annually,Group,MultiNational,SME,2017-11-21
35,60723,Annually,Group,MultiNational,SME,2019-05-29
36,60720,Annually,Group,MultiNational,SME,2019-05-26
37,50843,Annually,Group,MultiNational,SME,2013-07-01
38,60264,Annually,Group,MultiNational,SME,2020-01-12
39,60728,Annually,Group,MultiNational,SME,2019-06-01
40,60643,Annually,Group,MultiNational,SME,2018-11-01
41,50866,Annually,Group,MultiNational,SME,2019-09-24
42,60785,Annually,Group,MultiNational,SME,2019-11-19
43,60464,Annually,Group,MultiNational,SME,2019-07-19
44,60600,Semi-Annually,Group,MultiNational,SME,2018-07-17
45,60101,Annually,Group,MultiNational,SME,2019-11-13
46,60792,Annually,Group,MultiNational,SME,2019-11-26
47,60089,Annually,Group,MultiNational,Standard,2014-10-19
48,60747,Annually,Group,MultiNational,SME,2019-08-01
49,47561,Annually,Group,MultiNational,SME,2010-07-06
50,47595,Annually,Group,MultiNational,SME,2010-10-24
51,50867,Annually,Group,MultiNational,SME,2019-08-15
52,60741,Annually,Group,MultiNational,SME,2019-07-18
53,60813,Annually,Group,MultiNational,SME,2020-02-01
54,40242,Annually,Group,MultiNational,SME,2020-02-01
55,60793,Annually,Group,MultiNational,SME,2019-12-02
56,60068,Annually,Group,MultiNational,SME,2014-07-21
57,60111,Annually,Group,MultiNational,SME,2019-12-15
58,60151,Annually,Group,MultiNational,SME,2020-03-05
59,60811,Annually,Group,MultiNational,SME,2020-01-01
60,60156,Annually,Group,MultiNational,SME,2015-03-12
61,60152,Annually,Group,MultiNational,SME,2015-03-01
62,60722,Annually,Group,MultiNational,SME,2019-05-27
63,60812,Annually,Group,MultiNational,SME,2020-01-01
64,60171,Annually,Group,MultiNational,SME,2020-04-01
65,60859,Annually,Group,MultiNational,SME,2020-06-01
66,60450,Annually,Group,MultiNational,SME,2020-04-01
67,60416,Annually,Group,MultiNational,SME,2020-03-02
68,60838,Annually,Group,MultiNational,SME,2020-04-23
69,47549,Annually,Group,MultiNational,SME,2020-06-03
70,60870,Annually,Group,MultiNational,SME,2020-07-19
71,60830,Annually,Group,MultiNational,SME,2020-03-04
72,60845,Annually,Group,MultiNational,SME,2020-04-08
73,60469,Annually,Group,MultiNational,SME,2017-08-06
74,60853,Annually,Group,MultiNational,SME,2020-06-01
75,47850,Annually,Group,MultiNational,SME,2020-07-01
76,60851,Annually,Group,MultiNational,SME,2020-06-02
77,60852,Annually,Group,MultiNational,SME,2020-06-02
78,60730,Annually,Group,MultiNational,SME,2019-06-26
79,60872,Annually,Group,MultiNational,SME,2020-07-01
80,60848,Annually,Group,MultiNational,SME,2020-05-01
81,60875,Annually,Group,MultiNational,SME,2020-07-29
82,60883,Annually,Group,Local,Standard,2020-09-01
83,60418,Annually,Group,MultiNational,Standard,2017-03-09
84,60563,Annually,Group,MultiNational,SME,2020-03-15
85,60816,Annually,Group,MultiNational,SME,2020-02-01
86,60764,Annually,Group,MultiNational,SME,2019-09-17
87,60664,Annually,Group,MultiNational,SME,2020-01-01
88,60878,Annually,Group,MultiNational,SME,2020-08-06
89,60877,Annually,Group,MultiNational,SME,2020-07-30
90,60885,Annually,Group,MultiNational,SME,2020-09-01
91,60752,Annually,Group,MultiNational,SME,2020-08-01
92,60393,Annually,Group,MultiNational,SME,2020-06-01
93,50836,Annually,Group,MultiNational,SME,2019-09-22
94,60780,Annually,Group,MultiNational,SME,2019-10-01
95,60147,Annually,Group,MultiNational,SME,2020-05-01
96,60836,Annually,Group,MultiNational,SME,2020-03-15
97,test102,Annually,Group,MultiNational,Standard,2019-01-01
98,60642,Annually,Group,MultiNational,SME,2020-03-09
99,60897,Annually,Group,MultiNational,SME,2020-09-19
100,60831,Annually,Group,MultiNational,SME,2020-03-03
101,60839,Annually,Group,MultiNational,SME,2020-03-24
102,60562,Annually,Group,MultiNational,SME,2020-03-07
103,60900,Annually,Group,MultiNational,SME,2020-10-02
104,50868,Annually,Group,Local,Standard,2013-10-06
105,60332,Annually,Group,MultiNational,SME,2020-07-01
106,60489,Annually,Group,MultiNational,Standard,2020-09-18
107,60410,Annually,Group,MultiNational,SME,2020-02-16
108,50823,Annually,Group,MultiNational,SME,2020-07-01
109,60740,Annually,Group,MultiNational,SME,2020-06-01
110,475740035,Semi-Annually,Group,MultiNational,SME,2020-01-01
111,60833,Annually,Group,MultiNational,SME,2020-03-08
112,47900,Semi-Annually,Group,MultiNational,SME,2020-11-03
113,47640,Annually,Group,MultiNational,SME,2020-07-12
114,60835,Annually,Group,MultiNational,SME,2020-03-11
115,60484,Annually,Group,MultiNational,SME,2017-08-25
116,60043,Annually,Group,MultiNational,SME,2014-04-18
117,50849,Annually,Group,MultiNational,SME,2013-08-05
118,47601,Annually,Group,MultiNational,SME,2020-11-07
119,60225,Annually,Group,MultiNational,SME,2001-04-07
120,38295,Annually,Group,MultiNational,SME,2020-01-01
121,60777,Annually,Group,MultiNational,SME,2019-11-01
122,60810,Annually,Group,MultiNational,SME,2020-01-26
123,60826,Annually,Group,MultiNational,SME,2020-02-27
124,475750198,Annually,Group,MultiNational,SME,2020-06-27
125,60588,Annually,Group,MultiNational,SME,2020-11-01
126,475717606,Annually,Group,MultiNational,SME,2020-02-25
127,475750217,Annually,Group,MultiNational,SME,2020-06-01
128,60910,Annually,Group,MultiNational,SME,2020-10-25
129,60865,Annually,Group,Local,Standard,2020-07-05
130,60920,Annually,Group,MultiNational,SME,2020-11-25
131,60905,Annually,Group,MultiNational,SME,2020-10-13
132,44238,Annually,Group,MultiNational,SME,2019-11-30
133,50860,Annually,Group,MultiNational,SME,2020-12-04
134,60808,Annually,Group,MultiNational,SME,2020-01-20
135,60770,Annually,Group,MultiNational,SME,2019-10-03
136,60903,Annually,Group,MultiNational,SME,2020-10-06
137,60935,Annually,Group,MultiNational,SME,2021-01-01
138,60814,Annually,Group,MultiNational,SME,2020-01-29
139,60794,Annually,Group,MultiNational,SME,2020-12-04
140,60638,Annually,Group,MultiNational,SME,2020-10-07
141,60902,Annually,Group,MultiNational,SME,2020-10-04
142,60876,Annually,Group,MultiNational,SME,2020-07-23
143,60840,Annually,Group,MultiNational,SME,2020-03-24
144,60922,Annually,Group,MultiNational,SME,2020-11-26
145,60861,Semi-Annually,Group,MultiNational,SME,2020-07-01
146,60886,Annually,Group,MultiNational,SME,2020-12-01
147,60890,Annually,Group,MultiNational,SME,2020-09-07
148,60873,Annually,Group,MultiNational,SME,2020-07-19
149,60860,Annually,Group,MultiNational,SME,2020-06-25
150,60941,Annually,Group,MultiNational,SME,2021-01-01
151,50861,Annually,Group,MultiNational,SME,2020-09-04
152,60340,Annually,Group,MultiNational,SME,2016-07-01
153,60634,Annually,Group,MultiNational,SME,2020-10-11
154,60624,Annually,Group,MultiNational,SME,2020-09-13
155,475730088,Annually,Group,MultiNational,SME,2020-02-03
156,60273,Annually,Group,MultiNational,SME,2016-02-03
157,50870,Annually,Group,MultiNational,SME,2021-01-01
158,475720214,Annually,Group,MultiNational,SME,2021-01-01
159,60670,Annually,Group,MultiNational,SME,2021-02-03
160,60824,Annually,Group,MultiNational,SME,2020-02-14
161,60081,Annually,Group,MultiNational,SME,2020-09-01
162,60373,Annually,Group,MultiNational,SME,2020-11-14
163,60841,Annually,Group,MultiNational,SME,2020-03-10
164,60618,Annually,Group,MultiNational,SME,2020-08-06
165,60954,Annually,Group,Local,Standard,2021-02-01
166,47909,Annually,Group,MultiNational,SME,2021-01-01
167,36369,Annually,Group,MultiNational,SME,2021-01-01
168,44960,Annually,Group,MultiNational,SME,2021-01-01
169,44961,Annually,Group,MultiNational,SME,2021-01-01
170,475740053,Annually,Group,MultiNational,SME,2020-05-11
171,475750223,Annually,Group,MultiNational,SME,2020-12-10
172,60943,Annually,Group,MultiNational,SME,2021-01-01
173,60686,Annually,Group,MultiNational,SME,2020-02-01
174,40867,Annually,Group,MultiNational,SME,2021-03-01
175,60683,Annually,Group,MultiNational,SME,2021-02-03
176,60901,Annually,Group,MultiNational,SME,2020-09-28
177,60676,Annually,Group,MultiNational,SME,2021-01-01
178,475750216,Annually,Group,MultiNational,SME,2020-06-01
179,50889,Annually,Group,MultiNational,SME,2020-04-08
180,475750225,Annually,Group,MultiNational,SME,2021-01-17
181,60940,Annually,Group,MultiNational,SME,2021-01-01
182,475750190,Annually,Group,MultiNational,SME,2019-04-17
183,60768,Annually,Group,MultiNational,SME,2019-10-01
184,42708,Annually,Group,MultiNational,SME,2020-01-01
185,60963,Annually,Group,MultiNational,SME,2021-01-28
186,60907,Annually,Group,MultiNational,SME,2020-10-16
187,60958,Annually,Group,MultiNational,SME,2021-01-26
188,46917,Annually,Group,MultiNational,Standard,2009-01-01
189,60961,Annually,Group,MultiNational,SME,2021-01-27
190,60967,Annually,Group,MultiNational,SME,2021-02-14
191,60933,Annually,Group,MultiNational,SME,2020-12-24
192,60807,Annually,Group,MultiNational,SME,2021-01-15
193,60927,Annually,Group,MultiNational,SME,2020-12-15
194,60828,Annually,Group,MultiNational,SME,2020-03-02
195,60696,Annually,Group,MultiNational,SME,2021-04-01
196,60004,Annually,Group,MultiNational,SME,2020-01-12
197,42846,Annually,Group,MultiNational,SME,2006-09-24
198,60988,Annually,Group,MultiNational,SME,2021-03-15
199,60960,Annually,Group,MultiNational,SME,2021-02-01
200,44610,Annually,Group,MultiNational,SME,2020-08-15
201,60970,Annually,Group,MultiNational,SME,2021-02-14
202,60001,Annually,Group,MultiNational,SME,2014-01-01
203,60128,Annually,Group,MultiNational,SME,2015-01-08
204,60662,Annually,Group,MultiNational,SME,2018-12-11
205,47904,Annually,Group,MultiNational,SME,2020-11-17
206,60978,Annually,Group,MultiNational,SME,2021-03-07
207,60909,Annually,Group,MultiNational,SME,2020-10-25
208,60975,Annually,Group,Local,Standard,2021-02-17
209,60526,Annually,Group,MultiNational,SME,2020-12-24
210,383490000,Annually,Group,MultiNational,SME,2021-04-01
211,383490001,Annually,Group,MultiNational,SME,2021-04-01
212,60982,Annually,Group,MultiNational,Standard,2021-04-01
213,475717686,Annually,Group,MultiNational,SME,2021-01-17
214,60571,Annually,Group,MultiNational,SME,2021-04-04
215,60402,Annually,Group,MultiNational,SME,2021-01-23
216,60981,Annually,Group,MultiNational,SME,2021-02-25
217,60950,Annually,Group,MultiNational,SME,2021-01-21
218,60952,Annually,Group,MultiNational,Standard,2021-01-18
219,60289,Annually,Group,MultiNational,SME,2020-09-01
220,60784,Annually,Group,MultiNational,SME,2021-03-23
221,40247,Semi-Annually,Group,MultiNational,SME,2002-04-11
222,41666,Annually,Group,MultiNational,SME,2021-03-01
223,60984,Annually,Group,MultiNational,SME,2021-03-11
224,60983,Annually,Group,MultiNational,SME,2021-03-04
225,47879,Annually,Group,MultiNational,SME,2021-01-01
226,60296,Annually,Group,MultiNational,SME,2021-04-11
227,50390,Annually,Group,MultiNational,SME,2013-02-25
228,60069,Annually,Group,Local,Standard,2014-07-27
229,60820,Annually,Group,MultiNational,SME,2021-02-05
230,60821,Semi-Annually,Group,MultiNational,SME,2021-02-01
231,60822,Semi-Annually,Group,MultiNational,SME,2021-02-10
232,41670,Semi-Annually,Group,MultiNational,SME,2021-01-01
233,46931,Semi-Annually,Group,MultiNational,SME,2021-03-01
234,47560,Annually,Group,MultiNational,SME,2021-01-01
235,47938,Semi-Annually,Group,MultiNational,SME,2013-03-13
236,50380,Annually,Group,MultiNational,SME,2021-01-14
237,60295,Annually,Group,MultiNational,SME,2021-01-01
238,60412,Annually,Group,MultiNational,SME,2021-02-23
239,60711,Annually,Group,MultiNational,SME,2021-01-01
240,60915,Annually,Group,MultiNational,SME,2020-11-01
241,60425,Annually,Group,MultiNational,SME,2017-03-22
242,37960,Annually,Group,MultiNational,SME,1997-08-26
243,60422,Annually,Group,MultiNational,SME,2017-03-20
244,47216,Annually,Group,MultiNational,SME,2010-01-01
245,50862,Annually,Group,MultiNational,SME,2013-09-09
246,60280,Annually,Group,MultiNational,SME,2016-02-18
247,60159,Annually,Group,MultiNational,SME,2015-03-26
248,60772,Annually,Group,MultiNational,SME,2019-08-18
249,60390,Annually,Group,MultiNational,SME,2017-01-01
250,475730090,Annually,Group,MultiNational,SME,2020-05-23
251,60108,Annually,Group,MultiNational,SME,2015-01-01
252,475750220,Annually,Group,MultiNational,SME,2020-07-20
253,60837,Annually,Group,MultiNational,SME,2020-03-22
254,60346,Annually,Group,MultiNational,SME,2016-08-20
255,60938,Annually,Group,MultiNational,SME,2021-01-01
256,60078,Quarterly,Group,MultiNational,SME,2020-11-25
257,36321,Annually,Group,MultiNational,SME,2013-01-01
258,60991,Annually,Group,MultiNational,SME,2021-03-25
259,60160,Annually,Group,MultiNational,SME,2021-04-01
260,60707,Annually,Group,MultiNational,SME,2021-04-11
261,60985,Annually,Group,MultiNational,SME,2021-03-10
262,60976,Annually,Group,MultiNational,SME,2021-03-13
263,60924,Annually,Group,MultiNational,SME,2020-12-09
264,60953,Annually,Group,MultiNational,SME,2021-01-24
265,44964,Annually,Group,MultiNational,SME,2008-03-06
266,60120,Annually,Group,MultiNational,SME,2015-01-01
267,60122,Annually,Group,MultiNational,SME,2015-01-06
268,60406,Annually,Group,MultiNational,SME,2017-02-02
269,60129,Annually,Group,MultiNational,SME,2015-01-26
270,60243,Annually,Group,MultiNational,SME,2015-11-01
271,60694,Annually,Group,MultiNational,SME,2019-03-07
272,7301,Annually,Group,MultiNational,SME,1981-01-01
273,47621,Annually,Group,MultiNational,SME,2010-01-06
274,60673,Annually,Group,MultiNational,SME,2019-01-06
275,60937,Semi-Annually,Group,MultiNational,Standard,2021-01-01
276,60945,Annually,Group,MultiNational,SME,2021-01-01
277,60948,Annually,Group,MultiNational,SME,2021-01-11
278,60957,Annually,Group,MultiNational,SME,2021-01-26
279,46954,Annually,Group,MultiNational,SME,2009-07-01
280,47209,Semi-Annually,Group,MultiNational,SME,2021-01-05
281,60350,Annually,Group,MultiNational,SME,2017-08-04
282,60575,Annually,Group,MultiNational,SME,2018-04-01
283,60964,Annually,Group,MultiNational,SME,2021-02-08
284,60288,Annually,Group,MultiNational,SME,2016-03-14
285,60663,Annually,Group,MultiNational,SME,2018-01-01
286,7473,Annually,Group,MultiNational,SME,2021-04-01
287,61000,Annually,Group,MultiNational,SME,2021-04-12
288,61005,Annually,Group,MultiNational,SME,2021-04-20
289,60995,Annually,Group,MultiNational,SME,2021-03-31
290,475730063,Annually,Group,MultiNational,SME,2021-02-04
291,60581,Annually,Group,MultiNational,SME,2018-04-01
292,60979,Annually,Group,MultiNational,SME,2021-03-07
293,60668,Annually,Group,MultiNational,SME,2019-01-01
294,61006,Annually,Group,MultiNational,SME,2021-04-21
295,60997,Annually,Group,MultiNational,SME,2021-04-04
296,60936,Semi-Annually,Group,MultiNational,Standard,2021-01-01
297,60906,Annually,Group,MultiNational,SME,2020-10-15
298,60100,Annually,Group,MultiNational,SME,2014-11-11
299,50378,Annually,Group,MultiNational,SME,2013-01-01
300,50890,Semi-Annually,Group,MultiNational,SME,2015-04-01
301,61025,Annually,Group,MultiNational,SME,2021-06-09
302,61035,Annually,Group,MultiNational,SME,2021-06-27
303,475750206,Annually,Group,MultiNational,SME,2020-12-10
304,60019,Annually,Group,MultiNational,SME,2021-03-01
305,46727,Annually,Group,MultiNational,SME,2008-05-08
306,60913,Annually,Group,MultiNational,SME,2020-11-05
307,61028,Annually,Group,MultiNational,SME,2021-06-06
308,60857,Annually,Group,MultiNational,SME,2021-06-15
309,60700,Annually,Group,MultiNational,SME,2019-04-04
310,60035,Annually,Group,MultiNational,SME,2021-04-23
311,60439,Annually,Group,MultiNational,SME,2021-05-04
312,47849,Annually,Group,MultiNational,SME,2013-04-19
313,50319,Annually,Group,MultiNational,SME,2013-04-19
314,60750,Annually,Group,MultiNational,SME,2020-08-01
315,60759,Annually,Group,MultiNational,SME,2020-09-08
316,60655,Annually,Group,MultiNational,SME,2020-11-28
317,60505,Annually,Group,MultiNational,SME,2020-12-19
318,60796,Annually,Group,MultiNational,Standard,2020-11-01
319,40106,Annually,Group,MultiNational,SME,2021-06-01
320,50828,Annually,Group,MultiNational,SME,2014-06-10
321,61015,Annually,Group,MultiNational,SME,2021-05-25
322,60324,Annually,Group,MultiNational,SME,2021-06-09
323,60993,Annually,Group,MultiNational,SME,2021-03-18
324,475750229,Annually,Group,MultiNational,SME,2021-03-28
325,50327,Annually,Group,MultiNational,SME,2021-06-01
326,60587,Annually,Group,MultiNational,SME,2018-04-13
327,60998,Annually,Group,MultiNational,SME,2021-04-01
328,61036,Annually,Group,MultiNational,SME,2021-06-27
329,60850,Annually,Group,MultiNational,SME,2020-05-14
330,60200,Annually,Group,MultiNational,SME,2015-07-30
331,42295,Annually,Group,Local,Standard,2005-05-01
332,61003,Annually,Group,MultiNational,SME,2021-04-01
333,61007,Annually,Group,MultiNational,SME,2021-04-12
334,61008,Annually,Group,MultiNational,SME,2021-04-28
335,61010,Annually,Group,MultiNational,SME,2021-05-05
336,61011,Annually,Group,MultiNational,SME,2021-05-06
337,41423,Semi-Annually,Group,MultiNational,Standard,2006-09-11
338,42832,Annually,Group,MultiNational,SME,2021-04-01
339,60430,Annually,Group,MultiNational,SME,2017-04-02
340,61044,Semi-Annually,Group,MultiNational,SME,2021-07-01
341,61041,Annually,Group,MultiNational,SME,2021-07-08
342,42730,Annually,Group,MultiNational,SME,2021-04-01
343,50803,Annually,Group,MultiNational,SME,2021-04-10
344,60161,Annually,Group,MultiNational,SME,2021-04-02
345,60162,Annually,Group,MultiNational,SME,2021-04-02
346,60325,Annually,Group,MultiNational,SME,2021-06-10
347,50395,Annually,Group,MultiNational,SME,2015-03-10
348,61002,Annually,Group,MultiNational,SME,2021-03-28
349,60549,Annually,Group,MultiNational,SME,2018-02-01
350,47544,Semi-Annually,Group,MultiNational,SME,2010-05-13
351,60457,Annually,Group,MultiNational,Standard,2017-06-07
352,60716,Annually,Group,MultiNational,SME,2019-05-10
353,60542,Annually,Group,MultiNational,SME,2018-01-24
354,60724,Annually,Group,MultiNational,SME,2019-06-01
355,60224,Semi-Annually,Group,MultiNational,SME,2020-07-01
356,61018,Annually,Group,MultiNational,SME,2021-06-03
357,61032,Annually,Group,MultiNational,Standard,2021-07-01
358,61026,Annually,Group,MultiNational,SME,2021-06-09
359,60735,Annually,Group,MultiNational,SME,2019-07-04
360,61047,Annually,Group,MultiNational,SME,2021-08-02
361,61046,Annually,Group,MultiNational,SME,2021-08-02
362,475750192,Annually,Group,MultiNational,SME,2021-05-19
363,475750157,Annually,Group,MultiNational,SME,2020-08-09
364,475750230,Annually,Group,MultiNational,SME,2021-05-16
365,47193,Annually,Group,MultiNational,SME,2015-11-01
366,61056,Annually,Group,MultiNational,SME,2021-09-01
367,60275,Annually,Group,MultiNational,SME,2016-02-01
368,60992,Annually,Group,MultiNational,SME,2021-03-24
369,475730108,Annually,Group,MultiNational,SME,2021-04-13
370,60932,Annually,Group,MultiNational,SME,2021-06-01
371,475740057,Annually,Group,MultiNational,SME,2020-08-18
372,60227,Annually,Group,MultiNational,SME,2015-10-13
373,60613,Annually,Group,Local,Standard,2018-08-04
374,61049,Annually,Group,MultiNational,SME,2021-08-01
375,60606,Annually,Group,MultiNational,SME,2018-08-05
376,61039,Annually,Group,MultiNational,SME,2021-06-27
377,61063,Annually,Group,MultiNational,SME,2021-09-01
378,60261,Annually,Group,MultiNational,SME,2017-01-06
379,475750119,Annually,Group,MultiNational,SME,2021-09-07
380,60080,Annually,Group,MultiNational,SME,2021-07-01
381,50872,Annually,Group,MultiNational,SME,2020-09-30
382,60626,Annually,Group,MultiNational,SME,2020-09-12
383,60733,Annually,Group,MultiNational,SME,2021-07-01
384,41010,Annually,Group,MultiNational,SME,2021-07-21
385,47884,Annually,Group,MultiNational,SME,2020-07-01
386,50341,Annually,Group,MultiNational,SME,2021-07-01
387,60193,Annually,Group,MultiNational,SME,2021-07-02
388,60925,Semi-Annually,Group,MultiNational,SME,2020-06-09
389,60353,Annually,Group,MultiNational,SME,2016-09-05
390,60475,Annually,Group,MultiNational,SME,2017-08-10
391,50844,Annually,Group,MultiNational,SME,2020-07-01
392,60603,Annually,Group,Local,Standard,2018-07-24
393,61057,Annually,Group,MultiNational,SME,2021-09-01
394,60874,Annually,Group,MultiNational,SME,2020-07-27
395,60348,Semi-Annually,Group,MultiNational,SME,2016-08-03
396,46966,Annually,Group,MultiNational,SME,2009-09-03
397,50845,Annually,Group,MultiNational,SME,2013-07-28
398,60688,Annually,Group,MultiNational,SME,2019-02-14
399,60331,Annually,Group,MultiNational,SME,2021-06-27
400,475750227,Annually,Group,MultiNational,SME,2021-02-25
401,475720213,Annually,Group,MultiNational,SME,2020-12-14
402,475750019,Annually,Group,MultiNational,SME,2020-06-16
403,61048,Annually,Group,MultiNational,SME,2021-08-11
404,61069,Annually,Group,MultiNational,SME,2021-10-01
405,61016,Annually,Group,MultiNational,SME,2021-05-27
406,46901,Annually,Group,MultiNational,SME,2008-11-05
407,475750139,Annually,Group,MultiNational,SME,2020-09-28
408,60517,Annually,Group,MultiNational,SME,2017-12-10
409,475750124,Annually,Group,MultiNational,SME,2020-11-25
410,60732,Annually,Group,MultiNational,SME,2021-07-01
411,60739,Semi-Annually,Group,MultiNational,SME,2019-07-14
412,60923,Annually,Group,MultiNational,SME,2020-12-03
413,475717542,Annually,Group,MultiNational,SME,2020-11-11
414,475740052,Annually,Group,MultiNational,SME,2021-04-01
415,61064,Annually,Group,MultiNational,Standard,2021-09-16
416,60760,Annually,Group,MultiNational,SME,2019-09-12
417,61070,Annually,Group,MultiNational,SME,2021-10-01
418,61071,Annually,Group,MultiNational,SME,2021-10-05
419,60731,Annually,Group,MultiNational,SME,2019-07-01
420,50361,Annually,Group,MultiNational,SME,2013-11-17
421,61033,Annually,Group,MultiNational,SME,2021-07-01
422,61058,Annually,Group,MultiNational,SME,2021-08-26
423,61059,Annually,Group,MultiNational,SME,2021-09-01
424,60400,Annually,Group,MultiNational,SME,2017-01-25
425,60428,Annually,Group,MultiNational,SME,2017-04-01
426,61045,Annually,Group,MultiNational,SME,2021-07-18
427,60153,Annually,Group,MultiNational,SME,2021-07-01
428,61012,Annually,Group,MultiNational,SME,2021-05-09
429,61042,Annually,Group,MultiNational,SME,2021-07-07
430,60097,Annually,Group,MultiNational,SME,2014-11-10
431,61054,Annually,Group,MultiNational,SME,2021-08-12
432,60756,Annually,Group,MultiNational,SME,2021-09-01
433,60766,Annually,Group,MultiNational,SME,2020-09-22
434,475740056,Annually,Group,MultiNational,SME,2021-01-01
435,47930,Annually,Group,MultiNational,SME,2014-02-26
436,60944,Annually,Group,MultiNational,SME,2021-01-03
437,61083,Annually,Group,MultiNational,SME,2021-11-01
438,60520,Annually,Group,MultiNational,SME,2020-12-10
439,61085,Annually,Group,MultiNational,SME,2021-11-08
440,61076,Annually,Group,MultiNational,SME,2021-10-14
441,61080,Annually,Group,MultiNational,SME,2021-10-12
442,60511,Annually,Group,MultiNational,SME,2017-11-20
443,50365,Annually,Group,MultiNational,SME,2012-12-01
444,61072,Annually,Group,MultiNational,SME,2021-10-06
445,475720207,Annually,Group,MultiNational,SME,2021-01-01
446,60636,Annually,Group,MultiNational,SME,2018-10-23
447,60639,Annually,Group,MultiNational,SME,2018-10-17
448,61086,Annually,Group,MultiNational,SME,2021-11-11
449,61087,Annually,Group,MultiNational,SME,2021-11-15
450,60989,Annually,Group,MultiNational,SME,2021-03-24
451,61091,Annually,Group,MultiNational,SME,2021-11-21
452,50810,Annually,Group,MultiNational,SME,2021-11-01
453,50869,Annually,Group,MultiNational,SME,2014-10-06
454,60516,Annually,Group,MultiNational,SME,2017-12-06
455,60631,Annually,Group,MultiNational,SME,2021-10-01
456,60635,Annually,Group,MultiNational,SME,2018-10-10
457,60931,Annually,Group,MultiNational,SME,2020-12-14
458,61078,Annually,Group,MultiNational,SME,2021-11-24
459,61082,Annually,Group,MultiNational,SME,2021-11-01
460,61084,Annually,Group,MultiNational,SME,2021-11-01
461,61089,Annually,Group,MultiNational,SME,2021-11-09
462,475730111,Annually,Group,MultiNational,SME,2021-11-08
463,61101,Annually,Group,MultiNational,SME,2021-12-09
464,61104,Annually,Group,MultiNational,SME,2021-12-13
465,61094,Annually,Group,MultiNational,SME,2021-12-01
466,61095,Annually,Group,MultiNational,Standard,2021-11-28
467,61096,Annually,Group,MultiNational,SME,2021-11-28
468,61110,Annually,Group,MultiNational,SME,2022-01-01
469,61111,Annually,Group,MultiNational,SME,2022-01-01
470,61113,Annually,Group,MultiNational,SME,2021-12-26
471,61106,Annually,Group,MultiNational,SME,2021-12-09
472,61093,Semi-Annually,Group,MultiNational,SME,2021-11-17
473,61119,Annually,Group,MultiNational,SME,2022-01-06
474,61107,Annually,Group,MultiNational,SME,2021-12-22
475,61108,Annually,Group,MultiNational,SME,2021-12-23
476,7256,Annually,Group,MultiNational,SME,1979-01-01
477,61040,Annually,Group,MultiNational,SME,2021-06-30
478,61112,Annually,Group,MultiNational,SME,2021-12-26
479,46914,Semi-Annually,Group,MultiNational,SME,2021-12-07
480,60191,Annually,Group,MultiNational,SME,2015-07-06
481,475750214,Annually,Group,MultiNational,SME,2021-03-02
482,475750211,Annually,Group,MultiNational,SME,2021-02-16
483,61128,Annually,Group,MultiNational,SME,2022-01-20
484,61127,Semi-Annually,Group,MultiNational,SME,2022-01-18
485,61125,Annually,Group,MultiNational,SME,2022-01-01
486,61122,Annually,Group,MultiNational,SME,2022-01-12
487,61118,Annually,Group,MultiNational,SME,2021-12-27
488,61129,Annually,Group,MultiNational,SME,2022-01-20
489,61123,Annually,Group,MultiNational,SME,2022-01-12
490,61124,Annually,Group,MultiNational,SME,2022-01-04
491,60797,Annually,Group,MultiNational,SME,2021-12-02
492,60866,Annually,Group,MultiNational,SME,2021-07-06
493,60513,Annually,Group,MultiNational,SME,2021-12-01
494,61146,Annually,Group,MultiNational,SME,2022-02-01
495,61136,Annually,Group,MultiNational,SME,2022-02-01
496,61132,Annually,Group,MultiNational,SME,2022-02-01
497,42833,Annually,Group,MultiNational,SME,2021-08-10
498,60625,Annually,Group,MultiNational,SME,2018-09-13
499,40859,Annually,Group,MultiNational,SME,2013-09-01
500,61126,Annually,Group,MultiNational,SME,2022-01-16
501,60973,Annually,Group,MultiNational,SME,2021-02-25
502,61134,Annually,Group,MultiNational,SME,2022-02-02
503,61135,Annually,Group,MultiNational,SME,2022-02-01
504,61138,Annually,Group,MultiNational,SME,2022-02-07
505,61158,Annually,Group,MultiNational,SME,2022-02-19
506,61116,Annually,Group,MultiNational,SME,2022-01-02
507,61133,Annually,Group,MultiNational,SME,2022-02-02
508,61144,Annually,Group,MultiNational,SME,2022-02-17
509,61145,Annually,Group,MultiNational,SME,2022-02-13
510,60258,Annually,Group,MultiNational,SME,2016-01-01
511,61139,Annually,Group,MultiNational,SME,2022-02-02
512,61142,Annually,Group,MultiNational,SME,2022-02-07
513,61151,Annually,Group,MultiNational,SME,2022-02-24
514,61152,Annually,Group,MultiNational,SME,2022-03-01
515,60987,Annually,Group,MultiNational,SME,2021-03-14
516,61153,Annually,Group,MultiNational,SME,2022-02-27
517,61165,Annually,Group,MultiNational,SME,2022-04-03
518,61157,Annually,Group,MultiNational,SME,2022-03-13
519,61156,Annually,Group,MultiNational,SME,2022-03-06
520,61159,Annually,Group,MultiNational,SME,2022-03-24
521,61163,Annually,Group,MultiNational,SME,2022-04-03
522,60313,Annually,Group,MultiNational,SME,2021-05-17
523,475750113,Annually,Group,MultiNational,SME,2021-04-21
524,61167,Annually,Group,MultiNational,SME,2022-03-10
525,61160,Annually,Group,MultiNational,SME,2022-03-30
526,61161,Annually,Group,MultiNational,SME,2022-03-31
527,61162,Annually,Group,MultiNational,SME,2022-03-31
528,61164,Annually,Group,MultiNational,SME,2022-04-01
529,61171,Annually,Group,MultiNational,SME,2022-04-01
530,61173,Annually,Group,MultiNational,SME,2022-04-19
531,61169,Annually,Group,MultiNational,SME,2022-04-01
532,61174,Annually,Group,MultiNational,SME,2022-03-28
533,475717755,Annually,Group,MultiNational,SME,2022-03-06
534,60825,Annually,Group,MultiNational,SME,2020-02-10
535,61188,Annually,Group,MultiNational,SME,2022-05-01
536,61178,Annually,Group,MultiNational,SME,2022-05-12
537,61181,Annually,Group,MultiNational,Standard,2022-06-01
538,61180,Annually,Group,MultiNational,SME,2022-05-16
539,475717756,Annually,Group,MultiNational,SME,2022-03-30
540,61196,Annually,Group,MultiNational,SME,2022-06-01
541,61186,Annually,Group,MultiNational,SME,2022-06-01
542,61187,Annually,Group,MultiNational,SME,2022-06-01
543,61206,Annually,Group,MultiNational,SME,2022-07-01
544,475750149,Annually,Group,MultiNational,SME,2021-05-11
545,475750183,Annually,Group,MultiNational,SME,2020-11-28
546,61050,Annually,Group,MultiNational,Standard,2022-07-01
547,7205,Annually,Group,MultiNational,Standard,2022-07-01
548,61204,Annually,Group,Local,Standard,2022-07-01
549,61209,Annually,Group,MultiNational,SME,2022-07-19
550,61220,Annually,Group,MultiNational,SME,2022-08-06
551,61190,Annually,Group,MultiNational,SME,2022-05-29
552,475730118,Annually,Group,MultiNational,SME,2022-06-15
553,61177,Annually,Group,MultiNational,SME,2022-04-27
554,61225,Semi-Annually,Group,Local,Standard,2022-08-17
556,61205,Annually,Group,MultiNational,SME,2022-07-01
557,61215,Annually,Group,MultiNational,SME,2022-07-26
558,60882,Annually,Group,MultiNational,SME,2020-08-10
559,61221,Annually,Group,MultiNational,SME,2022-08-01
560,61212,Annually,Group,MultiNational,SME,2022-07-24
561,61216,Annually,Group,MultiNational,SME,2022-07-25
562,61229,Annually,Group,MultiNational,SME,2022-08-25
563,60888,Monthly,Bancassurance,MultiNational,SME,2020-09-01
564,47917,Annually,Group,MultiNational,SME,2012-01-01
565,475750178,Annually,Group,MultiNational,SME,2021-10-23
566,61230,Annually,Group,MultiNational,SME,2022-08-30
567,60070,Annually,Group,MultiNational,SME,2014-08-09
568,47558,Annually,Group,MultiNational,SME,2010-07-01
569,60467,Annually,Group,MultiNational,SME,2017-08-01
570,61185,Annually,Group,MultiNational,SME,2022-05-30
571,61236,Annually,Group,MultiNational,SME,2022-08-29
572,60849,Annually,Group,Local,Standard,2020-05-20
573,60630,Annually,Group,MultiNational,SME,2018-09-23
574,61231,Annually,Group,MultiNational,SME,2022-09-01
575,60779,Annually,Group,MultiNational,SME,2019-11-01
576,47237,Monthly,Bancassurance,MultiNational,SME,2010-03-01
577,60660,Monthly,Bancassurance,MultiNational,SME,2018-12-20
578,61228,Annually,Group,MultiNational,SME,2022-08-29
579,60689,Annually,Group,MultiNational,SME,2019-02-24
580,475730114,Annually,Group,MultiNational,SME,2022-01-25
581,61238,Semi-Annually,Group,MultiNational,SME,2022-09-13
582,61014,Annually,Group,MultiNational,SME,2021-05-17
583,61252,Annually,Group,MultiNational,Standard,2022-10-01
584,475750127,Annually,Group,MultiNational,SME,2022-01-28
585,60858,Annually,Group,MultiNational,Standard,2020-05-10
586,60217G02,Annually,Group,MultiNational,Standard,2015-08-30
587,61259,Annually,Group,MultiNational,SME,2022-10-27
588,61203,Annually,Group,MultiNational,SME,2022-07-01
589,47602,Annually,Group,MultiNational,SME,2010-11-13
590,36087G01,Annually,Group,MultiNational,SME,1992-01-01
591,61255,Annually,Group,MultiNational,SME,2022-10-25
592,60799,Annually,Group,MultiNational,Standard,2019-12-06
593,46918,Annually,Group,MultiNational,SME,2009-01-01
594,61121,Annually,Group,MultiNational,SME,2022-01-10
595,61245,Annually,Group,MultiNational,SME,2022-10-03
596,61240,Annually,Group,MultiNational,SME,2022-09-17
597,61207,Annually,Group,MultiNational,SME,2022-07-05
598,61168,Annually,Group,MultiNational,SME,2022-04-06
599,61267,Annually,Group,MultiNational,SME,2022-11-08
600,61262,Annually,Group,MultiNational,SME,2022-11-01
601,61261,Annually,Group,MultiNational,Standard,2022-10-26
602,42669,Annually,Group,Local,Standard,2005-12-27
603,61264,Annually,Group,MultiNational,SME,2022-11-03
604,60619,Annually,Group,MultiNational,SME,2019-08-20
605,475750210,Annually,Group,MultiNational,SME,2022-06-30
606,60656,Annually,Group,MultiNational,SME,2018-11-28
607,60926,Annually,Group,MultiNational,SME,2020-12-15
608,61257,Annually,Group,MultiNational,SME,2022-11-01
609,61258,Annually,Group,MultiNational,SME,2022-11-01
610,38352,Quarterly,Group,Local,Standard,2000-08-06
611,60541,Annually,Group,MultiNational,SME,2018-01-28
612,61271,Annually,Group,MultiNational,SME,2022-11-24
613,475720114,Annually,Group,MultiNational,SME,2021-11-03
614,60389,Annually,Group,MultiNational,SME,2017-01-10
615,61150,Annually,Group,MultiNational,SME,2022-02-16
616,38209,Annually,Group,Local,Standard,1998-01-01
617,60476,Annually,Group,MultiNational,SME,2017-08-01
618,60190,Annually,Group,MultiNational,Standard,2015-07-01
619,60217G01,Annually,Group,MultiNational,SME,2015-08-30
620,60217G03,Annually,Group,MultiNational,SME,2015-08-30
621,61277,Annually,Group,MultiNational,SME,2022-12-01
622,61275,Annually,Group,MultiNational,SME,2022-12-01
623,61249,Annually,Group,MultiNational,SME,2022-10-12
624,61273,Annually,Group,MultiNational,SME,2022-11-29
625,47858,Annually,Group,MultiNational,SME,2011-05-18
626,39459,Annually,Group,MultiNational,SME,2001-03-25
627,61265,Annually,Group,MultiNational,SME,2022-11-01
628,61285,Annually,Group,MultiNational,SME,2023-01-01
629,47867,Annually,Group,MultiNational,SME,2011-06-02
630,61268,Annually,Group,MultiNational,SME,2022-11-15
631,60229,Annually,Group,MultiNational,SME,2015-10-01
632,61286,Annually,Group,MultiNational,SME,2023-01-01
633,61288,Annually,Group,MultiNational,SME,2023-01-01
634,61290,Annually,Group,MultiNational,SME,2023-01-01
635,60795,Monthly,Bancassurance,MultiNational,SME,2019-12-08
636,50305,Monthly,Bancassurance,MultiNational,SME,2012-04-19
637,475720159,Annually,Group,MultiNational,SME,2022-10-02
638,61292,Annually,Group,MultiNational,SME,2022-12-13
639,60134,Annually,Group,MultiNational,Standard,2015-02-07
640,47850G01,Annually,Group,Local,Standard,2011-04-23
641,42332,Annually,Group,MultiNational,SME,2005-07-17
642,61295,Annually,Group,Local,Standard,2023-01-05
643,61289,Annually,Group,MultiNational,SME,2023-01-01
644,38244,Annually,Group,MultiNational,SME,1998-01-25
645,61298,Annually,Group,MultiNational,SME,2023-01-01
646,60755,Annually,Group,MultiNational,SME,2019-07-01
647,"61246 ",Annually,Group,MultiNational,SME,2022-10-06
648,61269,Annually,Group,MultiNational,SME,2022-12-01
649,60530,Annually,Group,MultiNational,SME,2018-01-01
650,475717711,Annually,Group,MultiNational,SME,2022-09-01
651,475750120,Annually,Group,MultiNational,SME,2022-10-12
652,475750240,Annually,Group,MultiNational,SME,2022-03-16
653,61282,Annually,Group,MultiNational,SME,2022-12-23
654,61293,Annually,Group,MultiNational,SME,2023-01-02
655,61276,Annually,Group,MultiNational,SME,2022-12-11
656,61088,Annually,Group,MultiNational,SME,2021-08-09
657,37959,Annually,Group,MultiNational,SME,1997-08-21
658,61307,Annually,Group,MultiNational,SME,2023-02-01
659,61266,Annually,Group,MultiNational,Standard,2022-11-01
660,61304,Annually,Group,MultiNational,SME,2023-01-15
661,61254,Annually,Group,MultiNational,SME,2022-10-25
662,60538,Annually,Group,MultiNational,SME,2018-01-18
663,60621,Annually,Group,MultiNational,SME,2018-09-06
664,61287,Annually,Group,MultiNational,SME,2023-01-01
665,475730112,Annually,Group,MultiNational,SME,2022-01-10
666,60827,Annually,Group,MultiNational,SME,2020-03-03
667,61310,Annually,Group,MultiNational,SME,2023-02-08
668,61308,Annually,Group,MultiNational,SME,2023-02-01
669,61309,Annually,Group,MultiNational,SME,2023-02-06
670,61239,Annually,Group,Local,Standard,2022-09-18
671,7293,Annually,Group,Local,Standard,1980-08-04
672,61200,Annually,Group,MultiNational,SME,2022-06-16
673,60647,Annually,Bancassurance,MultiNational,SME,2018-11-18
674,61217,Annually,Group,MultiNational,SME,2022-07-20
675,475730120,Annually,Group,MultiNational,SME,2022-08-16
676,61313,Annually,Group,MultiNational,SME,2023-01-24
677,61315,Annually,Group,MultiNational,SME,2023-02-19
678,61297,Annually,Group,MultiNational,SME,2023-01-05
679,61316,Annually,Group,MultiNational,SME,2023-01-23
680,61281,Annually,Group,MultiNational,SME,2022-12-18
681,61324,Semi-Annually,Group,Local,Standard,2023-03-06
682,7454,Annually,Group,MultiNational,SME,1988-04-11
683,61321,Annually,Group,MultiNational,SME,2023-03-01
684,475730115,Annually,Group,MultiNational,SME,2023-02-14
685,475750247,Annually,Group,MultiNational,SME,2023-01-02
686,61179,Annually,Group,MultiNational,SME,2022-05-16
687,61193,Annually,Group,MultiNational,SME,2022-06-12
688,60929,Annually,Bancassurance,MultiNational,SME,2020-12-20
689,61260,Annually,Group,MultiNational,SME,2022-10-30
690,60555,Annually,Group,MultiNational,SME,2018-03-01
691,39460,Annually,Group,MultiNational,SME,2001-03-25
692,61211,Annually,Group,MultiNational,SME,2022-07-23
693,61327,Annually,Group,MultiNational,SME,2023-03-07
694,61341,Annually,Group,MultiNational,SME,2023-03-20
695,61337,Annually,Group,MultiNational,Standard,2023-03-16
696,47198,Monthly,Bancassurance,MultiNational,SME,2009-12-22
697,61195,Annually,Group,MultiNational,Standard,2022-05-01
698,7267,Annually,Group,MultiNational,SME,1994-09-20
699,61328,Annually,Group,MultiNational,SME,2023-03-14
700,61334,Annually,Group,MultiNational,SME,2023-03-22
701,61346,Annually,Group,MultiNational,SME,2023-04-05
702,60358,Annually,Group,MultiNational,Standard,2016-10-03
703,61338,Annually,Group,MultiNational,SME,2023-03-22
704,61352,Annually,Group,MultiNational,Standard,2023-04-01
705,61347,Annually,Group,MultiNational,Standard,2023-04-01
706,36087G02,Annually,Group,MultiNational,SME,1992-01-01
707,36087G03,Annually,Group,MultiNational,SME,1992-01-01
708,46825,Annually,Group,MultiNational,SME,2008-11-01
709,61354,Annually,Group,MultiNational,SME,2023-04-25
710,60595,Annually,Group,MultiNational,SME,2018-07-17
711,61356,Annually,Group,MultiNational,SME,2023-04-27
712,61280,Annually,Group,MultiNational,SME,2022-12-07
713,60939,Annually,Group,Local,Standard,2021-01-01
714,61001,Annually,Group,MultiNational,SME,2021-05-02
715,60601,Monthly,Bancassurance,MultiNational,SME,2018-08-01
716,61301,Annually,Group,MultiNational,SME,2023-01-16
717,60969,Annually,Group,MultiNational,SME,2021-02-22
718,60955,Annually,Group,MultiNational,SME,2021-01-10
719,60217G04,Annually,Group,MultiNational,SME,2015-08-30
720,61314,Annually,Group,MultiNational,SME,2023-02-15
721,40826,Annually,Group,MultiNational,Standard,2002-07-09
722,61362,Semi-Annually,Group,MultiNational,Standard,2023-05-10
723,60980,Monthly,Bancassurance,MultiNational,SME,2021-03-10
724,61364,Annually,Group,MultiNational,SME,2023-05-21
725,61294,Annually,Group,MultiNational,SME,2023-01-01
726,61335,Annually,Group,MultiNational,SME,2023-03-23
727,61365,Annually,Group,MultiNational,SME,2023-05-21
728,61366,Annually,Group,MultiNational,SME,2023-05-21
729,61345,Annually,Group,MultiNational,SME,2023-04-01
730,39398,Annually,Group,MultiNational,Standard,2001-02-01
731,61333,Annually,Group,MultiNational,SME,2023-03-14
732,61368,Annually,Group,MultiNational,SME,2023-05-23
733,61322,Annually,Group,Local,Standard,2023-02-27
734,61330,Annually,Group,MultiNational,SME,2023-03-15
735,61340,Annually,Group,Local,Standard,2023-03-01
736,61256,Annually,Group,MultiNational,SME,2022-10-30
737,61359,Annually,Group,MultiNational,SME,2023-05-01
738,61323,Annually,Group,MultiNational,SME,2023-03-05
739,61342,Annually,Group,MultiNational,SME,2023-03-23
740,60881,Annually,Group,Local,Standard,2020-08-16
741,61369,Annually,Group,Local,Standard,2023-04-11
742,61378,Annually,Group,MultiNational,Standard,2023-06-06
743,61375,Annually,Group,Local,Standard,2023-06-07
744,475750251,Annually,Group,Local,SME,2023-03-29
745,61380,Annually,Group,Local,Standard,2023-06-12
746,61351,Annually,Group,Local,Standard,2023-03-18
747,61343,Annually,Group,MultiNational,SME,2023-03-30
748,61344,Annually,Group,MultiNational,SME,2023-04-02
749,61355,Annually,Group,Local,Standard,2023-05-01
750,61326,Annually,Group,Local,Standard,2023-03-10
751,61202,Annually,Group,MultiNational,SME,2022-07-01
752,61377,Annually,Group,MultiNational,Standard,2023-05-01
753,60896,Annually,Group,Local,Standard,2020-09-15
754,61332,Annually,Group,MultiNational,SME,2023-03-19
755,60442,Annually,Group,MultiNational,SME,2017-05-08
756,61372,Annually,Group,Local,SME,2023-05-22
757,61371,Annually,Group,MultiNational,SME,2023-05-28
758,61130,Annually,Group,MultiNational,Standard,2023-01-19
759,61388,Semi-Annually,Group,MultiNational,Standard,2023-07-01
760,61191,Annually,Group,MultiNational,SME,2022-06-09
761,61192,Annually,Group,Local,Standard,2022-06-09
762,475750246,Annually,Group,MultiNational,SME,2022-12-28
763,61383,Annually,Group,Local,Standard,2023-06-18
764,61385,Annually,Group,MultiNational,SME,2023-06-21
765,61358,Annually,Group,MultiNational,SME,2023-04-14
766,61382,Annually,Group,Local,Standard,2023-06-08
767,61384,Annually,Group,MultiNational,SME,2023-05-31
768,61318,Monthly,Bancassurance,MultiNational,SME,2023-02-28
769,60654,Annually,Bancassurance,MultiNational,SME,2018-12-02
775,60449,Annually,Group,MultiNational,SME,2017-05-17
776,60379,Annually,Group,Local,Standard,2016-12-07
777,61390,Annually,Group,MultiNational,Standard,2023-07-06
778,61357,Annually,Group,MultiNational,SME,2023-05-01
779,61387,Annually,Group,MultiNational,SME,2023-06-25
780,60628,Annually,Group,MultiNational,Standard,2018-09-19
781,61360,Annually,Group,MultiNational,SME,2023-05-02
782,61284,Annually,Group,Local,Standard,2022-12-22
783,61305,Semi-Annually,Group,MultiNational,Standard,2023-01-25
784,7423,Annually,Group,Local,Standard,1987-02-24
785,61397,Annually,Group,MultiNational,Standard,2023-07-01
786,475720235,Annually,Group,MultiNational,SME,2023-01-10
787,61402,Annually,Group,MultiNational,Standard,2023-07-23
788,61399,Annually,Group,MultiNational,Standard,2023-07-20
789,61398,Annually,Group,Local,Standard,2023-07-20
790,61400,Annually,Group,MultiNational,Standard,2023-07-01
791,40259,Annually,Group,Local,Standard,2002-06-26
792,38296,Quarterly,Group,MultiNational,Standard,1999-01-15
793,61395,Annually,Group,Local,Standard,2023-07-12
794,61396,Annually,Group,Local,Standard,2023-07-18
795,61348,Monthly,Bancassurance,MultiNational,SME,2023-05-01
796,61405,Annually,Group,Local,SME,2023-08-01
797,61391,Annually,Group,Local,Standard,2023-07-06
798,61392,Annually,Group,Local,Standard,2023-07-06
799,61409,Annually,Group,Local,Standard,2023-08-03
800,61410,Semi-Annually,Group,MultiNational,Standard,2023-07-01
801,475750239,Annually,Group,MultiNational,SME,2023-03-16
802,475717749,Annually,Group,Local,SME,2023-01-31
803,60968,Annually,Group,MultiNational,Standard,2021-02-13
804,61393,Annually,Group,MultiNational,Standard,2023-07-06
805,61413,Annually,Group,Local,Standard,2023-08-14
806,61411,Annually,Group,MultiNational,Standard,2023-08-10
807,61401,Annually,Group,Local,Standard,2023-07-25
808,61403,Annually,Group,Local,Standard,2023-07-26
809,61263,Annually,Group,MultiNational,Standard,2022-11-03
810,61367,Annually,Group,Local,Standard,2023-05-18
811,61414,Annually,Group,MultiNational,Standard,2023-08-04
812,61415,Annually,Group,MultiNational,Standard,2023-08-22
813,61416,Annually,Group,MultiNational,Standard,2023-08-20
814,61417,Annually,Group,MultiNational,Standard,2023-07-25
815,61404,Annually,Group,Local,Standard,2023-07-27
816,61406,Annually,Group,MultiNational,Standard,2023-08-01
817,61419,Annually,Group,Local,Standard,2023-08-27
818,61418,Annually,Group,MultiNational,Standard,2023-08-24
819,61120,Annually,Group,Local,Standard,2022-01-05
820,61235,Annually,Group,Local,Standard,2022-08-23
821,61420,Annually,Group,Local,Standard,2023-08-28
822,61386,Annually,Group,Local,Standard,2023-06-21
823,61421,Annually,Group,Local,Standard,2023-08-29
824,61237,Annually,Group,Local,Standard,2022-09-11
825,61394,Annually,Group,MultiNational,Standard,2023-07-12
826,61423,Annually,Group,Local,Standard,2023-08-31
827,61407,Annually,Group,MultiNational,Standard,2023-08-03
828,61408,Annually,Group,Local,Standard,2023-08-03
829,47542,Monthly,Bancassurance,MultiNational,SME,2010-05-16
830,61424,Annually,Group,MultiNational,Standard,2023-08-01
831,60238,Annually,Group,Local,Standard,2015-10-29
832,60536,Semi-Annually,Group,MultiNational,Standard,2018-01-01
833,61422,Annually,Group,Local,Standard,2023-08-24
834,61427,Annually,Group,Local,Standard,2023-09-13
835,60384,Annually,Group,Local,Standard,2016-12-04
836,61429,Annually,Group,Local,Standard,2023-09-17
837,61426,Annually,Group,Local,Standard,2023-09-07
838,61425,Annually,Group,Local,Standard,2023-09-04
839,60064,Annually,Group,Local,Standard,2014-07-15
840,61241,Annually,Group,Local,Standard,2022-09-13
841,61432,Quarterly,Group,MultiNational,Standard,2023-09-26
842,61428,Semi-Annually,Group,MultiNational,Standard,2023-09-01
843,47201,Annually,Bancassurance,MultiNational,SME,2010-01-12
844,61437,Annually,Group,MultiNational,Standard,2023-10-04
845,61431,Annually,Group,Local,Standard,2023-09-24
846,61433,Annually,Group,Local,Standard,2023-09-14
847,61438,Annually,Group,Local,Standard,2023-10-01
848,61434,Annually,Group,Local,Standard,2023-09-10
849,61435,Annually,Group,Local,Standard,2023-10-01
850,61440,Annually,Group,Local,Standard,2023-03-01
851,61065,Annually,Group,Local,Standard,2021-09-20
852,60918,Annually,Group,MultiNational,Standard,2020-11-15
853,61430,Annually,Group,Local,Standard,2023-09-24
854,61441,Annually,Group,Local,Standard,2023-10-10
855,42300,Annually,Group,Local,Standard,2005-05-30
856,37134,Annually,Group,Local,Standard,1995-11-19
857,60374,Annually,Group,Local,Standard,2016-11-15
858,475750256,Annually,Group,MultiNational,SME,2023-09-07
859,37329,Annually,Group,MultiNational,Standard,1997-01-01
860,61436,Annually,Group,MultiNational,Standard,2023-10-01
861,47584,Annually,Group,Local,Standard,2010-09-01
862,61439,Annually,Group,Local,Standard,2023-10-01
863,475717787,Annually,Group,Local,SME,2022-12-26
864,61242,Annually,Group,Local,Standard,2022-10-01
865,61443,Annually,Group,Local,Standard,2023-10-15
866,61444,Annually,Group,Local,Standard,2023-10-18
867,61445,Annually,Group,MultiNational,Standard,2023-10-18
868,61442AHL,Annually,Group,Local,Standard,2023-10-19
869,61442ASK,Annually,Group,Local,Standard,2023-10-19
870,61442ALL,Annually,Group,Local,Standard,2023-10-19
871,61442AYD,Annually,Group,Local,Standard,2023-10-19
872,61442ATP,Annually,Group,Local,Standard,2023-10-19
873,61442MBL,Annually,Group,Local,Standard,2023-10-19
874,61442ABB,Annually,Group,Local,Standard,2023-10-19
875,61442AFW,Annually,Group,Local,Standard,2023-10-19
876,61442ACF,Annually,Group,Local,Standard,2023-10-19
877,61442AAL,Annually,Group,Local,Standard,2023-10-19
878,61446,Annually,Group,Local,Standard,2023-10-18
879,60465,Semi-Annually,Group,Local,Standard,2017-07-24
880,61447,Annually,Group,Local,Standard,2023-11-01
881,60894,Annually,Group,Local,Standard,2020-09-15
882,60893,Monthly,Bancassurance,MultiNational,SME,2020-09-15
883,475740060,Annually,Group,Local,SME,2022-10-28
884,475750248,Annually,Group,Local,SME,2023-02-06
885,475730125,Annually,Group,MultiNational,SME,2023-06-21
886,60917,Annually,Group,MultiNational,Standard,2020-11-15
887,61244,Annually,Group,MultiNational,Standard,2022-10-01
888,41524,Annually,Group,MultiNational,Standard,2004-04-15
889,61450,Annually,Group,MultiNational,Standard,2023-11-09
890,61451,Annually,Group,Local,Standard,2023-11-12
891,61449,Annually,Group,Local,Standard,2023-11-08
892,60455,Monthly,Bancassurance,MultiNational,SME,2017-06-05
893,61389,Annually,Group,Local,Standard,2023-07-01
894,61452,Annually,Group,MultiNational,Standard,2023-11-05
895,42280,Annually,Group,MultiNational,Standard,2005-01-01
896,61453,Annually,Group,Local,Standard,2023-11-15
897,61454,Annually,Group,MultiNational,Standard,2023-11-12
898,60827G01,Annually,Group,MultiNational,Standard,2020-03-03
899,60141,Annually,Bancassurance,MultiNational,SME,2015-03-01
900,61222,Annually,Group,Local,Standard,2022-08-14
901,61456,Semi-Annually,Group,Local,Standard,2023-11-08
902,61455,Annually,Group,Local,Standard,2023-11-16
903,61448,Annually,Group,MultiNational,Standard,2023-11-01
904,475720243,Annually,Group,MultiNational,SME,2023-08-06
905,61458,Annually,Group,MultiNational,Standard,2023-11-19
906,61459,Annually,Group,Local,Standard,2023-11-16
907,61460,Annually,Group,Local,Standard,2023-11-19
908,38251,Annually,Group,MultiNational,Standard,1998-05-12
909,60016,Semi-Annually,Group,Local,Standard,2014-02-17
910,61462,Annually,Group,Local,Standard,2023-11-23
911,61463,Annually,Group,Local,Standard,2023-11-23
912,61461,Annually,Group,MultiNational,Standard,2023-11-23
913,61465,Annually,Group,MultiNational,Standard,2023-11-26
914,61464,Annually,Group,MultiNational,Standard,2023-11-26
915,61467,Annually,Group,MultiNational,Standard,2023-11-17
916,61468,Annually,Group,MultiNational,Standard,2023-11-23
917,61457,Annually,Group,Local,Standard,2023-11-16
918,475717797,Annually,Group,MultiNational,SME,2023-08-06
919,61470,Annually,Group,MultiNational,Standard,2023-12-03
920,61068,Annually,Group,Local,Standard,2021-09-29
